"","game_n","indicator","loc","loc_2","h_a","miles","n_veh","transp_type","co_2gas","pop_trip","co_2pcap"
"1",1,"mice","Hamilton","College","Home","0",1,"none","0",31,0
"2",2,"mice","Saint","Michael","Away","192.1",1,"pete","155.2168",31,5.0069935483871
"3",3,"mice","SUNY","Geneseo","Away","341.4",1,"pete","275.8512",31,8.89842580645161
"4",4,"mice","Babson","College","Home","0",1,"none","0",31,0
"5",5,"mice","Wesleyan","University","Home","0",1,"none","0",31,0
"6",6,"mice","Trinity","College","Home","0",1,"none","0",31,0
"7",7,"mice","Williams","College","Home","0",1,"none","0",31,0
"8",8,"mice","Middlebury","College","Home","0",1,"none","0",31,0
"9",9,"mice","Nazareth","College","Home","0",1,"none","0",31,0
"10",10,"mice","Nazareth","College","Home","0",1,"none","0",31,0
"11",11,"mice","Bowdoin","College","Away","200",1,"pete","161.6",31,5.21290322580645
"12",12,"mice","Colby","College","Away","259",1,"pete","209.272",31,6.75070967741935
"13",13,"mice","Tufts","University","Away","87.7",1,"pete","70.8616",31,2.28585806451613
"14",14,"mice","Connecticut","College","Away","99",1,"pete","79.992",31,2.58038709677419
"15",15,"mice","Hamilton","College","Away","205",1,"pete","165.64",31,5.34322580645161
"16",16,"mice","Anna","Maria","Home","0",1,"none","0",31,0
"17",17,"mice","Wesleyan","University","Away","66.9",1,"pete","54.0552",31,1.74371612903226
"18",18,"mice","Trinity","College","Away","52.4",1,"pete","42.3392",31,1.36578064516129
"19",19,"mice","Bowdoin","College","Home","0",1,"none","0",31,0
"20",20,"mice","Colby","College","Home","0",1,"none","0",31,0
"21",21,"mice","Tufts","University","Home","0",1,"none","0",31,0
"22",22,"mice","Connecticut","College","Home","0",1,"none","0",31,0
"23",23,"mice","Williams","College","Away","59.8",1,"pete","48.3184",31,1.55865806451613
"24",24,"mice","Middlebury","College","Away","85",1,"pete","68.68",31,2.21548387096774
"25",25,"mice","Tufts","University","Home","0",1,"none","0",31,0
"26",26,"mice","Williams","College","Home","0",1,"none","0",31,0
"27",1,"wice","Hamilton","College","Home","0",1,"none","0",25,0
"28",2,"wice","Hamilton","College","Home","0",1,"none","0",25,0
"29",3,"wice","University","of","Away","50.6",1,"pete","40.8848",25,1.635392
"30",4,"wice","Manhattanville","College","Away","136",1,"pete","109.888",25,4.39552
"31",5,"wice","Middlebury","College","Away","85",1,"pete","68.68",25,2.7472
"32",6,"wice","Middlebury","College","Away","85",1,"pete","68.68",25,2.7472
"33",7,"wice","Johnson","Wales","Away","86.3",1,"pete","69.7304",25,2.789216
"34",8,"wice","Curry","College","Home","0",1,"none","0",25,0
"35",9,"wice","UMass","Boston","Home","0",1,"none","0",25,0
"36",10,"wice","Oswego","State","Away","272.8",1,"pete","220.4224",25,8.816896
"37",11,"wice","Trinity","College","Home","0",1,"none","0",25,0
"38",12,"wice","Trinity","College","Home","0",1,"none","0",25,0
"39",13,"wice","Connecticut","College","Home","0",1,"none","0",25,0
"40",14,"wice","Connecticut","College","Home","0",1,"none","0",25,0
"41",15,"wice","Norwich","University","Home","0",1,"none","0",25,0
"42",16,"wice","Wesleyan","University","Away","66.9",1,"pete","54.0552",25,2.162208
"43",17,"wice","Wesleyan","University","Away","66.9",1,"pete","54.0552",25,2.162208
"44",18,"wice","Bowdoin","College","Home","0",1,"none","0",25,0
"45",19,"wice","Bowdoin","College","Home","0",1,"none","0",25,0
"46",20,"wice","Colby","College","Away","259",1,"pete","209.272",25,8.37088
"47",21,"wice","Colby","College","Away","259",1,"pete","209.272",25,8.37088
"48",22,"wice","Suffolk","University","Away","92.3",1,"pete","74.5784",25,2.983136
"49",23,"wice","Williams","College","Home","0",1,"none","0",25,0
"50",24,"wice","Williams","College","Away","59.8",1,"pete","48.3184",25,1.932736
"51",25,"wice","Wesleyan","University","Home","0",1,"none","0",25,0
"52",26,"wice","Middlebury","College","Home","0",1,"none","0",25,0
"53",27,"wice","Hamilton","College","Home","0",1,"none","0",25,0
"54",28,"wice","Colby","College","Home","0",1,"none","0",25,0
"55",29,"wice","Hamilton","College","Home","0",1,"none","0",25,0
"56",30,"wice","Gustavus","Adolphus","Home","0",1,"none","0",25,0
"57",1,"mbball","Albertus","Magnus","Away","89",1,"pete","71.912",18,3.99511111111111
"58",2,"mbball","University","of","Neutral","0",1,"none","0",18,0
"59",3,"mbball","Marymount","University","Away","403",1,"pete","325.624",18,18.0902222222222
"60",4,"mbball","Babson","College","Away","83.9",1,"pete","67.7912",18,3.76617777777778
"61",5,"mbball","Yeshiva","University","Away","157",1,"pete","126.856",18,7.04755555555556
"62",6,"mbball","Northern","Vermont","Home","0",1,"none","0",18,0
"63",7,"mbball","Colby","Sawyer","Away","259",1,"pete","209.272",18,11.6262222222222
"64",8,"mbball","Springfield","College","Home","0",1,"none","0",18,0
"65",9,"mbball","Eastern","Nazarene","Home","0",1,"none","0",18,0
"66",10,"mbball","University","of","Away","50.6",1,"pete","40.8848",18,2.27137777777778
"67",11,"mbball","Wesleyan","University","Away","66.9",1,"pete","54.0552",18,3.00306666666667
"68",12,"mbball","Williams","College","Home","0",1,"none","0",18,0
"69",13,"mbball","Middlebury","College","Home","0",1,"none","0",18,0
"70",14,"mbball","Tufts","University","Away","87.7",1,"pete","70.8616",18,3.93675555555556
"71",15,"mbball","Bates","College","Away","207",1,"pete","167.256",18,9.292
"72",16,"mbball","Williams","College","Away","59.8",1,"pete","48.3184",18,2.68435555555556
"73",17,"mbball","Hamilton","College","Away","205",1,"pete","165.64",18,9.20222222222222
"74",18,"mbball","Westfield","State","Away","29.9",1,"pete","24.1592",18,1.34217777777778
"75",19,"mbball","Wesleyan","University","Home","0",1,"none","0",18,0
"76",20,"mbball","Trinity","College","Home","0",1,"none","0",18,0
"77",21,"mbball","Connecticut","College","Home","0",1,"none","0",18,0
"78",22,"mbball","Pratt","Institute","Home","0",1,"none","0",18,0
"79",23,"mbball","Colby","College","Away","259",1,"pete","209.272",18,11.6262222222222
"80",24,"mbball","Bowdoin","College","Away","200",1,"pete","161.6",18,8.97777777777778
"81",0,"mbball","Morocco","Quarter","Away","3588",1,"plane","2569.5",18,0
"82",1,"football","Middlebury","College","Home","0",1,"none","0",100,0
"83",2,"football","Hamilton","College","Away","205",2,"pete","331.28",100,3.3128
"84",3,"football","Trinity","College","Home","0",1,"none","0",100,0
"85",4,"football","Bates","College","Home","0",1,"none","0",100,0
"86",5,"football","Colby","College","Away","259",2,"pete","418.544",100,4.18544
"87",6,"football","Tufts","University","Away","87.7",2,"pete","141.7232",100,1.417232
"88",7,"football","Wesleyan","University","Home","0",1,"none","0",100,0
"89",8,"football","Bowdoin","College","Home","0",1,"none","0",100,0
"90",9,"football","Williams","College","Away","59.8",2,"pete","96.6368",100,0.966368
"91",1,"wlax","Hamilton","College","Home","0",1,"none","0",36,0
"92",2,"wlax","Springfield","College","Away","27.6",1,"pete","22.3008",36,0.619466666666667
"93",3,"wlax","Tufts","University","Away","87.7",1,"pete","70.8616",36,1.96837777777778
"94",4,"wlax","Ithaca","College","Home","0",1,"none","0",36,0
"95",5,"wlax","Bates","College","Home","0",1,"none","0",36,0
"96",6,"wlax","Westfield","State","Away","29.9",1,"pete","24.1592",36,0.671088888888889
"97",7,"wlax","Keene","State","Home","0",1,"none","0",36,0
"98",8,"wlax","Bowdoin","College","Away","200",1,"pete","161.6",36,4.48888888888889
"99",9,"wlax","Wesleyan","University","Away","66.9",1,"pete","54.0552",36,1.50153333333333
"100",10,"wlax","Colby","College","Home","0",1,"none","0",36,0
"101",11,"wlax","Connecticut","College","Away","99",1,"pete","79.992",36,2.222
"102",12,"wlax","Williams","College","Home","0",1,"none","0",36,0
"103",13,"wlax","Middlebury","College","Away","85",1,"pete","68.68",36,1.90777777777778
"104",14,"wlax","Trinity","College","Home","0",1,"none","0",36,0
"105",15,"wlax","Tufts","University","Away","87.7",1,"pete","70.8616",36,1.96837777777778
"106",1,"mlax","Hamilton","College","Away","205",1,"pete","165.64",49,3.38040816326531
"107",2,"mlax","Tufts","University","Home","0",1,"none","0",49,0
"108",3,"mlax","Bates","College","Away","365",1,"pete","209.272",49,0
"109",4,"mlax","York","College","Neutral","0",1,"none","0",49,0
"110",5,"mlax","Springfield","College","Home","0",1,"none","0",49,0
"111",6,"mlax","St","John","Home","0",1,"none","0",49,0
"112",7,"mlax","Western","New","Home","0",1,"none","0",49,0
"113",8,"mlax","Bowdoin","College","Home","0",1,"none","0",49,0
"114",9,"mlax","Wesleyan","University","Home","0",1,"none","0",49,0
"115",10,"mlax","Colby","College","Away","259",1,"pete","209.272",49,4.27085714285714
"116",11,"mlax","Connecticut","College","Home","0",1,"none","0",49,0
"117",12,"mlax","Williams","College","Away","59.8",1,"pete","48.3184",49,0.986089795918367
"118",13,"mlax","Middlebury","College","Home","0",1,"none","0",49,0
"119",14,"mlax","Trinity","College","Away","52.4",1,"pete","42.3392",49,0.864065306122449
"120",15,"mlax","Bowdoin","College","Home","0",1,"none","0",49,0
"121",16,"mlax","Tufts","University","Away","87.7",1,"pete","70.8616",49,1.44615510204082
"122",17,"mlax","SUNY","Geneseo","Away","389",1,"pete","209.272",49,0
"123",18,"mlax","Salisbury","University","Neutral","0",1,"none","0",49,0
"124",1,"wsoc","Springfield","College","Home","0",1,"none","0",30,0
"125",2,"wsoc","Middlebury","College","Home","0",1,"none","0",30,0
"126",3,"wsoc","Smith","College","Away","7.7",1,"pete","6.2216",30,0.207386666666667
"127",4,"wsoc","Tufts","University","Home","0",1,"none","0",30,0
"128",5,"wsoc","Emerson","College","Away","91.9",1,"pete","74.2552",30,2.47517333333333
"129",6,"wsoc","Bates","College","Away","207",1,"pete","167.256",30,5.5752
"130",7,"wsoc","Colby","College","Away","259",1,"pete","209.272",30,6.97573333333333
"131",8,"wsoc","Williams","College","Away","59.8",1,"pete","48.3184",30,1.61061333333333
"132",9,"wsoc","Lesley","University","Home","0",1,"none","0",30,0
"133",10,"wsoc","Wesleyan","University","Home","0",1,"none","0",30,0
"134",11,"wsoc","Bowdoin","College","Home","0",1,"none","0",30,0
"135",12,"wsoc","New","England","Away","80.1",1,"pete","64.7208",30,2.15736
"136",13,"wsoc","Connecticut","College","Home","0",1,"none","0",30,0
"137",14,"wsoc","Hamilton","College","Away","205",1,"pete","165.64",30,5.52133333333333
"138",15,"wsoc","Trinity","College","Away","52.4",1,"pete","42.3392",30,1.41130666666667
"139",16,"wsoc","Connecticut","College","Home","0",1,"none","0",30,0
"140",17,"wsoc","Tufts","University","Home","0",1,"none","0",30,0
"141",18,"wsoc","Wesleyan","University","Home","0",1,"none","0",30,0
"142",19,"wsoc","Westminster","College","Neutral","0",1,"none","0",30,0
"143",20,"wsoc","RIT","Rochester","Away","322.9",1,"pete","260.9032",30,8.69677333333333
"144",21,"wsoc","William","Smith","Away","570",1,"plane","6030",30,0
"145",1,"msoc","College","of","Home","0",1,"none","0",39,0
"146",2,"msoc","Middlebury","College","Home","0",1,"none","0",39,0
"147",3,"msoc","Thomas","College","Home","0",1,"none","0",39,0
"148",4,"msoc","Manhattanville","College","Home","0",1,"none","0",39,0
"149",5,"msoc","Tufts","University","Home","0",1,"none","0",39,0
"150",6,"msoc","Babson","College","Away","83.9",1,"pete","67.7912",39,1.7382358974359
"151",7,"msoc","Bates","College","Away","207",1,"pete","167.256",39,4.28861538461538
"152",8,"msoc","Colby","College","Away","259",1,"pete","209.272",39,5.36594871794872
"153",9,"msoc","Williams","College","Away","59.8",1,"pete","48.3184",39,1.23893333333333
"154",10,"msoc","Worcester","Polytechnic","Away","55.5",1,"pete","44.844",39,1.14984615384615
"155",11,"msoc","Wesleyan","University","Home","0",1,"none","0",39,0
"156",12,"msoc","Bowdoin","College","Home","0",1,"none","0",39,0
"157",13,"msoc","Connecticut","College","Home","0",1,"none","0",39,0
"158",14,"msoc","Hamilton","College","Away","205",1,"pete","165.64",39,4.24717948717949
"159",15,"msoc","Trinity","College","Away","52.4",1,"pete","42.3392",39,1.08562051282051
"160",16,"msoc","Wesleyan","University","Home","0",1,"none","0",39,0
"161",17,"msoc","Middlebury","College","Away","59.8",1,"pete","48.3184",39,0
"162",18,"msoc","Connecticut","College","Neutral","0",1,"none","0",39,0
"163",19,"msoc","Husson","University","Home","0",1,"none","0",39,0
"164",20,"msoc","St","Lawrence","Home","0",1,"none","0",39,0
"165",21,"msoc","University","of","Home","0",1,"none","0",39,0
"166",1,"wsq","William","Smith","Home","0",1,"none","0",16,0
"167",2,"wsq","Hamilton","College","Away","205",1,"pete","165.64",16,10.3525
"168",3,"wsq","Trinity","College","Away","52.4",1,"pete","42.3392",16,2.6462
"169",4,"wsq","Dickinson","College","Away","362.8",1,"pete","293.1424",16,18.3214
"170",5,"wsq","Franklin","and","Away","329.8",1,"pete","266.4784",16,16.6549
"171",6,"wsq","Georgetown","University","Away","374",1,"pete","302.192",16,0
"172",7,"wsq","Tufts","University","Home","0",1,"none","0",16,0
"173",8,"wsq","Bowdoin","College","Home","0",1,"none","0",16,0
"174",9,"wsq","Colby","College","Home","0",1,"none","0",16,0
"175",10,"wsq","Bates","College","Home","0",1,"none","0",16,0
"176",11,"wsq","Middlebury","College","Away","85",1,"pete","68.68",16,4.2925
"177",12,"wsq","Williams","College","Away","59.8",1,"pete","48.3184",16,3.0199
"178",13,"wsq","Wesleyan","University","Home","0",1,"none","0",16,0
"179",14,"wsq","Mount","Holyoke","Away","9.4",1,"pete","7.5952",16,0.4747
"180",15,"wsq","Connecticut","College","Home","0",1,"none","0",16,0
"181",16,"wsq","Brown","University","Home","0",1,"none","0",16,0
"182",17,"wsq","Middlebury","College","Away","52.8",1,"pete","42.6624",16,0
"183",18,"wsq","Trinity","College","Away","59.8",1,"pete","48.3184",16,0
"184",19,"wsq","Dartmouth","College","Neutral","0",1,"none","0",16,0
"185",20,"wsq","William","Smith","Neutral","0",1,"none","0",16,0
"186",21,"wsq","Williams","College","Away","59.8",1,"pete","48.3184",16,0
"187",22,"wsq","CSA","Individual","Away","259.7",1,"pete","209.8376",16,13.11485
"188",1,"msq","Hobart","College","Home","0",1,"none","0",18,0
"189",2,"msq","Hamilton","College","Away","205",1,"pete","165.64",18,9.20222222222222
"190",3,"msq","Trinity","College","Away","52.4",1,"pete","42.3392",18,2.35217777777778
"191",4,"msq","Dickinson","College","Away","362.8",1,"pete","293.1424",18,16.2856888888889
"192",5,"msq","Franklin","and","Away","329.8",1,"pete","266.4784",18,14.8043555555556
"193",6,"msq","Navy","Annapolis","Away","375.9",1,"pete","303.7272",18,16.8737333333333
"194",7,"msq","Massachusetts","Institute","Home","0",1,"none","0",18,0
"195",8,"msq","Tufts","University","Home","0",1,"none","0",18,0
"196",9,"msq","Bowdoin","College","Home","0",1,"none","0",18,0
"197",10,"msq","Colby","College","Home","0",1,"none","0",18,0
"198",11,"msq","Bates","College","Home","0",1,"none","0",18,0
"199",12,"msq","Middlebury","College","Away","85",1,"pete","68.68",18,3.81555555555556
"200",13,"msq","Williams","College","Away","59.8",1,"pete","48.3184",18,2.68435555555556
"201",14,"msq","Wesleyan","University","Home","0",1,"none","0",18,0
"202",15,"msq","Connecticut","College","Home","0",1,"none","0",18,0
"203",16,"msq","Brown","University","Home","0",1,"none","0",18,0
"204",17,"msq","Bates","College","Neutral","0",1,"none","0",18,0
"205",18,"msq","Trinity","College","Neutral","0",1,"none","0",18,0
"206",19,"msq","Colby","College","Neutral","0",1,"none","0",18,0
"207",20,"msq","Hobart","College","Neutral","0",1,"none","0",18,0
"208",21,"msq","St","Lawrence","Neutral","0",1,"none","0",18,0
"209",22,"msq","CSA","Individual","Away","259.7",1,"pete","209.8376",18,11.6576444444444
"210",23,"msq","CSA","Individual","Away","259.7",1,"pete","209.8376",18,11.6576444444444
"1100",1,"sdt","Colby","College","Away","259",1,"pete","209.272",54,3.87540740740741
"211",2,"sdt","Wesleyan","University","Away","66.9",1,"pete","54.0552",54,1.00102222222222
"310",3,"sdt","Middlebury","College","Home","0",1,"none","0",54,0
"410",4,"sdt","Union","College","Away","115.5",1,"pete","93.324",54,1.72822222222222
"510",5,"sdt","Williams","College","Home","0",1,"none","0",54,0
"610",6,"sdt","Connecticut","College","Away","99",1,"pete","79.992",54,1.48133333333333
"710",7,"sdt","Massachusetts","Institute","Away","88.9",1,"pete","71.8312",54,1.33020740740741
"810",8,"sdt","Springfield","College","Home","0",1,"none","0",54,0
"910",9,"sdt","NESCAC","Championships","Away","207",1,"pete","167.256",54,14.962962962963
"1310",13,"sdt","NCAA","Championships","Away","699",1,"plane","9882",54,14.962962962963
"1610",0,"sdt","PR","Spring","Away","1705",1,"plane","4410",18,0
"1101",1,"fhockey","Mount","Holyoke","Away","9.4",1,"pete","7.5952",25,0.303808
"212",2,"fhockey","Middlebury","College","Home","0",1,"none","0",25,0
"311",3,"fhockey","Keene","State","Home","0",1,"none","0",25,0
"411",4,"fhockey","Tufts","University","Home","0",1,"none","0",25,0
"511",5,"fhockey","Massachusetts","Institute","Away","88.9",1,"pete","71.8312",25,2.873248
"611",6,"fhockey","Bates","College","Away","207",1,"pete","167.256",25,6.69024
"711",7,"fhockey","Colby","College","Away","259",1,"pete","209.272",25,8.37088
"811",8,"fhockey","Williams","College","Away","59.8",1,"pete","48.3184",25,1.932736
"911",9,"fhockey","Connecticut","College","Home","0",1,"none","0",25,0
"1010",10,"fhockey","Wesleyan","University","Home","0",1,"none","0",25,0
"1110",11,"fhockey","Bowdoin","College","Home","0",1,"none","0",25,0
"1210",12,"fhockey","Springfield","College","Home","0",1,"none","0",25,0
"1311",13,"fhockey","Smith","College","Away","7.7",1,"pete","6.2216",25,0.248864
"1410",14,"fhockey","Hamilton","College","Away","205",1,"pete","165.64",25,6.6256
"1510",15,"fhockey","Trinity","College","Away","52.4",1,"pete","42.3392",25,1.693568
"1611",16,"fhockey","Williams","College","Home","0",1,"none","0",25,0
"1102",1,"vball","Westfield","State","Home","0",1,"none","0",23,0
"213",2,"vball","DeSales","University","Neutral","0",1,"none","0",23,0
"312",3,"vball","Wheaton","College","Neutral","0",1,"none","0",23,0
"412",4,"vball","New","York","Away","163.5",1,"pete","132.108",23,5.74382608695652
"512",5,"vball","Hamilton","College","Home","0",1,"none","0",23,0
"612",6,"vball","Middlebury","College","Home","0",1,"none","0",23,0
"712",7,"vball","Williams","College","Home","0",1,"none","0",23,0
"812",8,"vball","Gordon","College","Home","0",1,"none","0",23,0
"912",9,"vball","Rivier","University","Home","0",1,"none","0",23,0
"1011",10,"vball","Bowdoin","College","Home","0",1,"none","0",23,0
"1111",11,"vball","Connecticut","College","Home","0",1,"none","0",23,0
"1211",12,"vball","Trinity","College","Away","52.4",1,"pete","42.3392",23,1.8408347826087
"1312",13,"vball","Wesleyan","University","Away","66.9",1,"pete","54.0552",23,2.35022608695652
"1411",14,"vball","Springfield","College","Away","27.6",1,"pete","22.3008",23,0.9696
"1511",15,"vball","Tufts","University","Home","0",1,"none","0",23,0
"1612",16,"vball","UMass","Boston","Home","0",1,"none","0",23,0
"1710",17,"vball","Emerson","College","Home","0",1,"none","0",23,0
"1810",18,"vball","Bates","College","Away","207",1,"pete","167.256",23,7.272
"1910",19,"vball","Colby","College","Away","259",1,"pete","209.272",23,9.09878260869565
"2010",20,"vball","Bowdoin","College","Neutral","0",1,"none","0",23,0
"214",21,"vball","Wesleyan","University","Away","66.9",1,"pete","54.0552",23,2.35022608695652
"1103",1,"xc","Cardinal","Invitational","Away","66.9",1,"pete","54.0552",46,1.17511304347826
"215",2,"xc","Little","Three","Home","0",1,"none","0",46,0
"313",3,"xc","Purple","Valley","Away","59.8",1,"pete","48.3184",46,1.0504
"413",4,"xc","Connecticut","College","Away","99",1,"pete","79.992",46,1.73895652173913
"513",5,"xc","NESCAC","Championships","Away","205",1,"pete","165.64",46,0
"613",6,"xc","NCAA","Mideast","Away","295.6",1,"pete","238.8448",46,0
"713",7,"xc","NCAA","Championships","Away","709",1,"plane","2060",46,0
"1104",1,"wbball","Springfield","College","Home","0",1,"none","0",14,0
"216",2,"wbball","Rowan","University","Home","0",1,"none","0",14,0
"314",3,"wbball","Gordon","College","Away","115.8",1,"pete","93.5664",14,6.68331428571428
"414",4,"wbball","Emmanuel","College","Home","0",1,"none","0",14,0
"514",5,"wbball","New","Jersey","Away","178",1,"pete","143.824",14,10.2731428571429
"614",6,"wbball","Wesleyan","University","Home","0",1,"none","0",14,0
"714",7,"wbball","Lehman","College","Home","0",1,"none","0",14,0
"813",8,"wbball","Montclair","State","Away","2645",1,"plane","4620",14,0
"913",9,"wbball","Concordia","College","Neutral","0",1,"none","0",14,0
"1012",10,"wbball","Whittier","College","Neutral","0",1,"none","0",14,0
"1112",11,"wbball","Chapman","University","Away","0",1,"pete","0",14,0
"1212",12,"wbball","Williams","College","Away","59.8",1,"pete","48.3184",14,3.45131428571429
"1313",13,"wbball","Middlebury","College","Away","85",1,"pete","68.68",14,4.90571428571429
"1412",14,"wbball","Worcester","State","Away","55.5",1,"pete","44.844",14,3.20314285714286
"1512",15,"wbball","Tufts","University","Home","0",1,"none","0",14,0
"1613",16,"wbball","Bates","College","Home","0",1,"none","0",14,0
"1711",17,"wbball","Williams","College","Home","0",1,"none","0",14,0
"1811",18,"wbball","Hamilton","College","Home","0",1,"none","0",14,0
"1911",19,"wbball","SUNY","Poly","Away","193.4",1,"pete","156.2672",14,11.1619428571429
"2011",20,"wbball","Wesleyan","University","Away","66.9",1,"pete","54.0552",14,3.86108571428571
"217",21,"wbball","Trinity","College","Away","52.4",1,"pete","42.3392",14,3.02422857142857
"221",22,"wbball","Connecticut","College","Away","99",1,"pete","79.992",14,5.71371428571429
"231",23,"wbball","Colby","College","Home","0",1,"none","0",14,0
"241",24,"wbball","Bowdoin","College","Home","0",1,"none","0",14,0
"251",25,"wbball","Trinity","College","Away","52.4",1,"pete","42.3392",14,3.02422857142857
"1105",1,"mgolf","Nelson","Invitational","Away","85",1,"van","88.91",12,7.40916666666667
"315",3,"mgolf","Williams","Fall","Away","59.8",1,"van","62.5508",12,5.21256666666667
"515",5,"mgolf","Bowdoin","Invitational","Away","200",1,"van","209.2",12,17.4333333333333
"715",7,"mgolf","Blazer","Invitational","Away","9.4",1,"van","9.8324",12,87.1666666666667
"914",9,"mgolf","NEIGA","Championship","Away","170",1,"van","177.82",12,0
"1113",11,"mgolf","Hamilton","College","Neutral","0",1,"none","0",12,0
"1413",14,"mgolf","Little","Three","Home","0",1,"none","0",12,0
"1513",15,"mgolf","Williams","Spring","Away","200",1,"van","209.2",12,5.21256666666667
"1712",17,"mgolf","NESCAC","Championship","Away","1180",1,"plane","2156",12,87.1666666666667
"1106",1,"wgolf","Hamilton","Fall","Away","205",1,"van","214.43",10,21.443
"316",3,"wgolf","Williams","Invitational","Away","59.8",1,"van","62.5508",10,6.25508
"516",5,"wgolf","Phinney","Classic","Away","85",1,"van","88.91",10,8.891
"716",7,"wgolf","NESCAC","Fall","Home","0",1,"none","0",10,0
"915",9,"wgolf","NEIGA","Championship","Away","166",1,"van","173.636",10,0
"1114",11,"wgolf","Cortland","MartinWallace","Away","256.7",1,"van","268.5082",10,26.85082
"1314",13,"wgolf","Jack","Leaman","Home","0",1,"none","0",10,0
"1514",15,"wgolf","NESCAC","Championship","Neutral","0",1,"none","0",10,104.6
"1713",17,"wgolf","NCAA","Championship","Away","1252",1,"plane","2814",10,0
"1107",1,"mtennis","ITA","Regionals","Away","200",1,"van","209.2",14,0
"218",2,"mtennis","MIT","Classic","Away","88.9",1,"van","92.9894",14,6.6421
"317",3,"mtennis","Wesleyan","University","Away","66.9",1,"van","69.9774",14,0
"415",4,"mtennis","Bowdoin","College","Home","0",1,"none","0",14,0
"517",5,"mtennis","Colby","College","Home","0",1,"none","0",14,0
"615",6,"mtennis","Rhodes","College","Away","2880",1,"plane","4788",14,0
"717",7,"mtennis","Sewanee","Malibu","Neutral","0",1,"none","0",14,0
"814",8,"mtennis","Chapman","University","Away","0",1,"van","0",14,0
"916",9,"mtennis","University","of","Away","50.6",1,"van","52.9276",14,3.78054285714286
"1013",10,"mtennis","Nichols","College","Home","0",1,"none","0",14,0
"1115",11,"mtennis","Connecticut","College","Away","99",1,"van","103.554",14,7.39671428571429
"1213",12,"mtennis","Tufts","University","Home","0",1,"none","0",14,0
"1315",13,"mtennis","Bates","College","Home","0",1,"none","0",14,0
"1414",14,"mtennis","Hamilton","College","Away","205",1,"van","214.43",14,15.3164285714286
"1515",15,"mtennis","Trinity","College","Away","52.4",1,"van","54.8104",14,3.91502857142857
"1614",16,"mtennis","Skidmore","College","Home","0",1,"none","0",14,0
"1714",17,"mtennis","Wesleyan","University","Away","66.9",1,"van","69.9774",14,4.99838571428571
"1812",18,"mtennis","Middlebury","College","Away","85",1,"van","88.91",14,6.35071428571429
"1912",19,"mtennis","Williams","College","Away","59.8",1,"van","62.5508",14,4.46791428571429
"2012",20,"mtennis","Williams","College","Away","59.8",1,"van","62.5508",14,4.46791428571429
"1108",1,"wtennis","M","I","Away","88.9",1,"van","92.9894",14,0
"219",2,"wtennis","Intercollegiate","Tennis","Away","59.8",1,"van","62.5508",14,0
"318",3,"wtennis","Bowdoin","College","Home","0",1,"none","0",14,0
"416",4,"wtennis","Colby","College","Home","0",1,"none","0",14,0
"518",5,"wtennis","Sewanee","Claremont","Neutral","0",1,"none","0",14,0
"616",6,"wtennis","Pomona","Pitzer","Away","2880",1,"plane","4788",14,74.7142857142857
"718",7,"wtennis","Claremont","Mudd","Neutral","0",1,"none","0",14,74.7142857142857
"815",8,"wtennis","Washington","University","Neutral","0",1,"none","0",14,0
"917",9,"wtennis","Connecticut","College","Away","99",1,"van","103.554",14,7.39671428571429
"1014",10,"wtennis","Tufts","University","Home","0",1,"none","0",14,0
"1116",11,"wtennis","Bates","College","Home","0",1,"none","0",14,0
"1214",12,"wtennis","Hamilton","College","Away","205",1,"van","214.43",14,15.3164285714286
"1316",13,"wtennis","Trinity","College","Away","52.4",1,"van","54.8104",14,3.91502857142857
"1415",14,"wtennis","Skidmore","College","Away","133",1,"van","139.118",14,9.937
"1516",15,"wtennis","Wesleyan","University","Away","66.9",1,"van","69.9774",14,4.99838571428571
"1615",16,"wtennis","Middlebury","College","Away","85",1,"van","88.91",14,6.35071428571429
"1715",17,"wtennis","Williams","College","Away","59.8",1,"van","62.5508",14,4.46791428571429
"1813",18,"wtennis","Bowdoin","College","Away","85",1,"van","88.91",14,0
"1913",19,"wtennis","Wesleyan","University","Neutral","0",1,"none","0",14,0
"2013",20,"wtennis","SUNY","New","Home","0",1,"none","0",14,0
"2110",21,"wtennis","Babson","College","Home","0",1,"none","0",14,0
"222",22,"wtennis","Claremont","Mudd","Neutral","0",1,"none","0",14,0
"1109",1,"tf","Little","Three","Away","66.9",2,"pete","108.1104",106,15.2452830188679
"220",2,"tf","Middlebury","Winter","Away","85",2,"pete","137.36",106,1.29584905660377
"519",5,"tf","Tufts","Cupid","Away","87.7",2,"pete","141.7232",106,1.33701132075472
"617",6,"tf","Hemery","Valentine","Away","89.3",2,"pete","144.3088",106,1.36140377358491
"816",8,"tf","Middlebury","Field","Away","85",2,"pete","137.36",106,1.29584905660377
"918",9,"tf","Triangle","Classic","Away","27.6",2,"pete","44.6016",106,0.420769811320755
"1015",10,"tf","New","England","Away","80.1",2,"pete","129.4416",106,1.22114716981132
"1215",12,"tf","Tufts","National","Away","87.7",2,"pete","141.7232",106,1.33701132075472
"1317",13,"tf","NCAA","Indoor","Away","87.8",2,"pete","141.8848",106,15.2452830188679
"1416",14,"tf","Black","Gold","Away","77.3",2,"pete","124.9168",106,1.17846037735849
"1616",16,"tf","Amherst","Spring","Home","0",1,"none","0",106,0
"1716",17,"tf","Coffey","Invitational","Away","7.7",2,"pete","12.4432",106,0.117388679245283
"1814",18,"tf","Silfen","Invitational","Away","99",2,"pete","159.984",106,1.50928301886792
"1914",19,"tf","Coffey","Invitational","Away","7.7",2,"pete","12.4432",106,0.117388679245283
"2014",20,"tf","Collier","Invitational","Away","88.9",2,"pete","143.6624",106,1.35530566037736
"2111",21,"tf","NESCAC","Championships","Away","99.7",2,"pete","161.1152",106,15.2452830188679
"232",23,"tf","New","England","Away","91.3",2,"pete","147.5408",106,1.22114716981132
"252",25,"tf","New","England","Away","80.1",2,"pete","129.4416",106,1.22114716981132
"261",26,"tf","NEICAAA","Outdoor","Away","9.4",2,"pete","54.0552",106,15.2452830188679
"281",28,"tf","MIT","Final","Away","88.9",2,"pete","143.6624",106,1.35530566037736
"291",29,"tf","NCAA","Outdoor","Away","823",2,"plane","2000",106,15.2452830188679
"1117",1,"softball","Neutral","Bethel","M","0",1,"none","0",17,0
"223",2,"softball","Farmingdale","State","Neutral","0",1,"none","0",17,0
"319",3,"softball","North","Park","Neutral","0",1,"none","0",17,0
"417",4,"softball","Kenyon","College","Neutral","0",1,"none","0",17,0
"520",5,"softball","Hamline","University","Neutral","0",1,"none","0",17,0
"618",6,"softball","Loras","College","Neutral","0",1,"none","0",17,0
"719",7,"softball","Wheaton","College","Neutral","0",1,"none","0",17,0
"817",8,"softball","Meredith","College","Neutral","0",1,"none","0",17,0
"919",9,"softball","University","of","Neutral","0",1,"none","0",17,0
"1016",10,"softball","University","of","Neutral","0",1,"none","0",17,0
"1118",11,"softball","Union","College","Neutral","0",1,"none","0",17,0
"1216",12,"softball","Carleton","College","Neutral","0",1,"none","0",17,0
"1318",13,"softball","Worcester","Polytechnic","Away","55.5",1,"pete","44.844",17,2.63788235294118
"1417",14,"softball","Worcester","Polytechnic","Away","55.5",1,"pete","44.844",17,2.63788235294118
"1517",15,"softball","Bowdoin","College","Home","0",1,"none","0",17,0
"1617",16,"softball","Bowdoin","College","Home","0",1,"none","0",17,0
"1717",17,"softball","Tufts","University","Away","87.7",1,"pete","70.8616",17,4.16832941176471
"1815",18,"softball","Tufts","University","Away","87.7",1,"pete","70.8616",17,4.16832941176471
"1915",19,"softball","Middlebury","College","Away","85",1,"pete","68.68",17,4.04
"2015",20,"softball","Middlebury","College","Away","85",1,"pete","68.68",17,4.04
"2112",21,"softball","Springfield","College","Home","0",1,"none","0",17,0
"224",22,"softball","Springfield","College","Home","0",1,"none","0",17,0
"233",23,"softball","Trinity","College","Home","0",1,"none","0",17,0
"242",24,"softball","Trinity","College","Home","0",1,"none","0",17,0
"253",25,"softball","Bates","College","Home","0",1,"none","0",17,0
"262",26,"softball","Bates","College","Home","0",1,"none","0",17,0
"271",27,"softball","Western","New","Home","0",1,"none","0",17,0
"282",28,"softball","Western","New","Home","0",1,"none","0",17,0
"292",29,"softball","Williams","College","Away","59.8",1,"pete","48.3184",17,2.84225882352941
"301",30,"softball","Williams","College","Away","59.8",1,"pete","48.3184",17,2.84225882352941
"3110",31,"softball","Hamilton","College","Home","0",1,"none","0",17,0
"321",32,"softball","Hamilton","College","Home","0",1,"none","0",17,0
"331",33,"softball","Wesleyan","University","Away","66.9",1,"pete","54.0552",17,3.17971764705882
"341",34,"softball","Wesleyan","University","Away","66.9",1,"pete","54.0552",17,3.17971764705882
"351",35,"softball","Colby","College","Away","259",1,"pete","209.272",17,12.3101176470588
"361",36,"softball","Colby","College","Away","259",1,"pete","209.272",17,12.3101176470588
"371",37,"softball","Bates","College","Neutral","0",1,"none","0",17,0
"381",0,"softball","Florida","Spring","Away","1263",1,"plane","2788",17,0
"1119",1,"baseball","Springfield","College","Away","27.6",1,"pete","22.3008",35,0.637165714285714
"225",2,"baseball","Emerson","College","Neutral","0",1,"none","0",35,0
"320",3,"baseball","The","College","Neutral","0",1,"none","0",35,0
"418",4,"baseball","The","College","Neutral","0",1,"none","0",35,0
"521",5,"baseball","Beloit","College","Neutral","0",1,"none","0",35,0
"619",6,"baseball","SUNY","Cobleskill","Neutral","0",1,"none","0",35,0
"720",7,"baseball","SUNY","Cobleskill","Neutral","0",1,"none","0",35,0
"818",8,"baseball","Worcester","Polytechnic","Home","0",1,"none","0",35,0
"920",9,"baseball","Western","New","Away","21.2",1,"pete","17.1296",35,0.489417142857143
"1017",10,"baseball","Wheaton","College","Away","95.3",1,"pete","77.0024",35,2.20006857142857
"1120",11,"baseball","Clark","University","Home","0",1,"none","0",35,0
"1217",12,"baseball","Hamilton","College","Away","205",1,"pete","165.64",35,4.73257142857143
"1319",13,"baseball","Hamilton","College","Away","205",1,"pete","165.64",35,4.73257142857143
"1418",14,"baseball","Westfield","State","Away","29.9",1,"pete","24.1592",35,0.690262857142857
"1518",15,"baseball","Tufts","University","Home","0",1,"none","0",35,0
"1618",16,"baseball","Tufts","University","Home","0",1,"none","0",35,0
"1718",17,"baseball","Tufts","University","Home","0",1,"none","0",35,0
"1816",18,"baseball","Brandeis","University","Home","0",1,"none","0",35,0
"1916",19,"baseball","Salve","Regina","Home","0",1,"none","0",35,0
"2016",20,"baseball","Williams","College","Home","0",1,"none","0",35,0
"2113",21,"baseball","Williams","College","Away","59.8",1,"pete","48.3184",35,1.38052571428571
"226",22,"baseball","Williams","College","Away","59.8",1,"pete","48.3184",35,1.38052571428571
"234",23,"baseball","Hamilton","College","Away","205",1,"pete","165.64",35,4.73257142857143
"243",24,"baseball","Trinity","College","Away","52.4",1,"pete","42.3392",35,1.20969142857143
"254",25,"baseball","Wesleyan","University","Away","66.9",1,"pete","54.0552",35,1.54443428571429
"263",26,"baseball","Wesleyan","University","Home","0",1,"none","0",35,0
"272",27,"baseball","Wesleyan","University","Home","0",1,"none","0",35,0
"283",28,"baseball","Elms","College","Home","0",1,"none","0",35,0
"293",29,"baseball","Massachusetts","Institute","Away","88.9",1,"pete","71.8312",35,2.05232
"302",30,"baseball","Middlebury","College","Home","0",1,"none","0",35,0
"3111",31,"baseball","Middlebury","College","Home","0",1,"none","0",35,0
"322",32,"baseball","Middlebury","College","Home","0",1,"none","0",35,0
"332",33,"baseball","UMass","Boston","Home","0",1,"none","0",35,0
"342",34,"baseball","Fitchburg","State","Away","50",1,"pete","40.4",35,1.15428571428571
"352",35,"baseball","Tufts","University","Away","87.7",1,"pete","70.8616",35,2.02461714285714
"362",36,"baseball","Tufts","University","Away","87.7",1,"pete","70.8616",35,2.02461714285714
"372",37,"baseball","Tufts","University","Away","87.7",1,"pete","70.8616",35,2.02461714285714
"382",0,"baseball","Florida","Break","Away","1263",1,"plane","5740",35,0
